Subsequence,Contains
ggagcatcggaggtgatg,0.411111111111111
gagcatcggaggtgatgg,0.411111111111111
agcatcggaggtgatggg,0.411111111111111
gcatcggaggtgatgggc,0.411111111111111
catcggaggtgatgggca,0.411111111111111
atcggaggtgatgggcag,0.355555555555556
tcggaggtgatgggcagg,0.3
cggaggtgatgggcaggc,0.277777777777778
ggaggtgatgggcaggcg,0.277777777777778
gaggtgatgggcaggcgc,0.277777777777778
aggtgatgggcaggcgct,0.222222222222222
ggtgatgggcaggcgctc,0.177777777777778
gtgatgggcaggcgctca,0.233333333333333
tgatgggcaggcgctcac,0.288888888888889
gatgggcaggcgctcaca,0.344444444444445
atgggcaggcgctcacat,0.4
tgggcaggcgctcacata,0.4
gggcaggcgctcacataa,0.4
ggcaggcgctcacataag,0.4
gcaggcgctcacataagc,0.4
caggcgctcacataagct,0.4
aggcgctcacataagctg,0.4
ggcgctcacataagctga,0.4
gcgctcacataagctgat,0.4
cgctcacataagctgatt,0.4
gctcacataagctgattg,0.388888888888889
ctcacataagctgattgg,0.388888888888889
tcacataagctgattgga,0.333333333333333
cacataagctgattggat,0.277777777777778
acataagctgattggatt,0.222222222222222
cataagctgattggattc,0.177777777777778
ataagctgattggattcc,0.177777777777778
taagctgattggattccg,0.177777777777778
aagctgattggattccgt,0.177777777777778
agctgattggattccgtc,0.177777777777778
gctgattggattccgtcc,0.177777777777778
ctgattggattccgtcca,0.177777777777778
tgattggattccgtccaa,0.177777777777778
gattggattccgtccaat,0.177777777777778
attggattccgtccaatg,0.177777777777778
ttggattccgtccaatgt,0.177777777777778
tggattccgtccaatgtc,0.177777777777778
ggattccgtccaatgtca,0.177777777777778
gattccgtccaatgtcag,0.177777777777778
attccgtccaatgtcagt,0.177777777777778
ttccgtccaatgtcagtc,0.177777777777778
tccgtccaatgtcagtcc,0.177777777777778
ccgtccaatgtcagtccg,0.177777777777778
cgtccaatgtcagtccgg,0.177777777777778
gtccaatgtcagtccggc,0.177777777777778
tccaatgtcagtccggca,0.177777777777778
ccaatgtcagtccggcaa,0.177777777777778
caatgtcagtccggcaat,0.177777777777778
aatgtcagtccggcaatg,0.177777777777778
atgtcagtccggcaatgt,0.177777777777778
tgtcagtccggcaatgtg,0.177777777777778
gtcagtccggcaatgtga,0.166666666666667
tcagtccggcaatgtgag,0.166666666666667
cagtccggcaatgtgagt,0.166666666666667
agtccggcaatgtgagta,0.166666666666667
gtccggcaatgtgagtat,0.166666666666667
tccggcaatgtgagtatc,0.166666666666667
ccggcaatgtgagtatct,0.166666666666667
cggcaatgtgagtatctt,0.166666666666667
ggcaatgtgagtatcttg,0.166666666666667
gcaatgtgagtatcttgc,0.166666666666667
caatgtgagtatcttgcc,0.166666666666667
aatgtgagtatcttgccg,0.166666666666667
atgtgagtatcttgccgt,0.166666666666667
tgtgagtatcttgccgtg,0.166666666666667
gtgagtatcttgccgtgg,0.177777777777778
tgagtatcttgccgtggt,0.233333333333333
gagtatcttgccgtggtc,0.233333333333333
agtatcttgccgtggtca,0.233333333333333
gtatcttgccgtggtcaa,0.233333333333333
tatcttgccgtggtcaac,0.233333333333333
atcttgccgtggtcaacg,0.233333333333333
tcttgccgtggtcaacgg,0.233333333333333
cttgccgtggtcaacgga,0.233333333333333
ttgccgtggtcaacggac,0.233333333333333
tgccgtggtcaacggact,0.233333333333333
gccgtggtcaacggacta,0.233333333333333
ccgtggtcaacggactat,0.233333333333333
cgtggtcaacggactata,0.233333333333333
gtggtcaacggactatag,0.177777777777778
tggtcaacggactatagt,0.177777777777778
ggtcaacggactatagtc,0.177777777777778
gtcaacggactatagtca,0.177777777777778
tcaacggactatagtcac,0.222222222222222
caacggactatagtcact,0.222222222222222
aacggactatagtcactc,0.244444444444444
acggactatagtcactcc,0.244444444444444
cggactatagtcactccc,0.244444444444444
ggactatagtcactccct,0.244444444444444
gactatagtcactcccta,0.244444444444444
actatagtcactccctaa,0.244444444444444
ctatagtcactccctaag,0.244444444444444
tatagtcactccctaaga,0.244444444444444
atagtcactccctaagag,0.244444444444444
tagtcactccctaagagc,0.244444444444444
agtcactccctaagagcg,0.244444444444444
gtcactccctaagagcga,0.277777777777778
tcactccctaagagcgat,0.277777777777778
cactccctaagagcgata,0.277777777777778
actccctaagagcgatag,0.277777777777778
ctccctaagagcgataga,0.277777777777778
tccctaagagcgatagag,0.277777777777778
ccctaagagcgatagagg,0.288888888888889
cctaagagcgatagaggg,0.288888888888889
ctaagagcgatagaggga,0.288888888888889
taagagcgatagagggat,0.288888888888889
aagagcgatagagggatt,0.288888888888889
agagcgatagagggattg,0.288888888888889
gagcgatagagggattgt,0.288888888888889
agcgatagagggattgtg,0.288888888888889
gcgatagagggattgtga,0.288888888888889
cgatagagggattgtgat,0.288888888888889
gatagagggattgtgata,0.288888888888889
atagagggattgtgataa,0.288888888888889
tagagggattgtgataag,0.233333333333333
agagggattgtgataagc,0.222222222222222
gagggattgtgataagcc,0.222222222222222
agggattgtgataagcca,0.177777777777778
gggattgtgataagccag,0.177777777777778
ggattgtgataagccagc,0.177777777777778
gattgtgataagccagct,0.144444444444444
attgtgataagccagctc,0.166666666666667
ttgtgataagccagctct,0.222222222222222
tgtgataagccagctcta,0.222222222222222
gtgataagccagctctaa,0.233333333333333
tgataagccagctctaaa,0.233333333333333
gataagccagctctaaaa,0.244444444444444
ataagccagctctaaaaa,0.244444444444444
taagccagctctaaaaat,0.244444444444444
aagccagctctaaaaata,0.244444444444444
agccagctctaaaaatag,0.244444444444444
gccagctctaaaaatagg,0.244444444444444
ccagctctaaaaataggt,0.288888888888889
cagctctaaaaataggtt,0.344444444444445
agctctaaaaataggttt,0.4
gctctaaaaataggtttg,0.4
ctctaaaaataggtttgt,0.4
tctaaaaataggtttgta,0.344444444444445
ctaaaaataggtttgtag,0.333333333333333
taaaaataggtttgtagt,0.333333333333333
aaaaataggtttgtagta,0.333333333333333
aaaataggtttgtagtat,0.333333333333333
aaataggtttgtagtata,0.333333333333333
aataggtttgtagtataa,0.333333333333333
ataggtttgtagtataag,0.333333333333333
taggtttgtagtataagg,0.333333333333333
aggtttgtagtataaggc,0.333333333333333
ggtttgtagtataaggca,0.277777777777778
gtttgtagtataaggcaa,0.222222222222222
tttgtagtataaggcaat,0.166666666666667
ttgtagtataaggcaatg,0.166666666666667
tgtagtataaggcaatga,0.166666666666667
gtagtataaggcaatgaa,0.166666666666667
tagtataaggcaatgaaa,0.166666666666667
agtataaggcaatgaaac,0.166666666666667
gtataaggcaatgaaacc,0.166666666666667
tataaggcaatgaaaccc,0.166666666666667
ataaggcaatgaaaccct,0.166666666666667
taaggcaatgaaaccctc,0.222222222222222
aaggcaatgaaaccctct,0.277777777777778
aggcaatgaaaccctctc,0.333333333333333
ggcaatgaaaccctctca,0.388888888888889
gcaatgaaaccctctcac,0.444444444444444
caatgaaaccctctcaca,0.5
aatgaaaccctctcacat,0.555555555555556
atgaaaccctctcacatc,0.611111111111111
tgaaaccctctcacatcg,0.666666666666667
gaaaccctctcacatcga,0.722222222222222
aaaccctctcacatcgag,0.777777777777778
aaccctctcacatcgagg,0.833333333333333
accctctcacatcgaggt,0.888888888888889
ccctctcacatcgaggtt,0.944444444444445
cctctcacatcgaggttt,1
ctctcacatcgaggtttt,0.944444444444445
tctcacatcgaggttttc,0.888888888888889
ctcacatcgaggttttcc,0.833333333333333
tcacatcgaggttttccg,0.777777777777778
cacatcgaggttttccgg,0.722222222222222
acatcgaggttttccggc,0.666666666666667
catcgaggttttccggct,0.611111111111111
atcgaggttttccggctg,0.555555555555556
tcgaggttttccggctgc,0.5
cgaggttttccggctgct,0.444444444444444
gaggttttccggctgctg,0.388888888888889
aggttttccggctgctgg,0.333333333333333
ggttttccggctgctggc,0.277777777777778
gttttccggctgctggcc,0.222222222222222
ttttccggctgctggccc,0.166666666666667
tttccggctgctggccca,0.166666666666667
ttccggctgctggcccat,0.2
tccggctgctggcccatt,0.2
ccggctgctggcccatta,0.2
cggctgctggcccattag,0.2
ggctgctggcccattaga,0.2
gctgctggcccattagaa,0.2
ctgctggcccattagaaa,0.2
tgctggcccattagaaaa,0.2
gctggcccattagaaaat,0.2
ctggcccattagaaaatt,0.2
tggcccattagaaaattg,0.177777777777778
ggcccattagaaaattgt,0.177777777777778
gcccattagaaaattgta,0.177777777777778
cccattagaaaattgtag,0.177777777777778
ccattagaaaattgtagg,0.211111111111111
cattagaaaattgtaggt,0.266666666666667
attagaaaattgtaggta,0.266666666666667
ttagaaaattgtaggtat,0.277777777777778
tagaaaattgtaggtatt,0.288888888888889
agaaaattgtaggtattc,0.288888888888889
gaaaattgtaggtattct,0.288888888888889
aaaattgtaggtattctc,0.288888888888889
aaattgtaggtattctcc,0.288888888888889
aattgtaggtattctcca,0.277777777777778
attgtaggtattctccaa,0.277777777777778
ttgtaggtattctccaat,0.244444444444444
tgtaggtattctccaatt,0.244444444444444
gtaggtattctccaattt,0.244444444444444
taggtattctccaatttc,0.244444444444444
aggtattctccaatttca,0.244444444444444
ggtattctccaatttcat,0.244444444444444
gtattctccaatttcatg,0.244444444444444
tattctccaatttcatga,0.244444444444444
attctccaatttcatgag,0.244444444444444
ttctccaatttcatgagc,0.244444444444444
tctccaatttcatgagct,0.255555555555556
ctccaatttcatgagctc,0.255555555555556
tccaatttcatgagctca,0.255555555555556
ccaatttcatgagctcat,0.255555555555556
caatttcatgagctcatg,0.255555555555556
aatttcatgagctcatgc,0.255555555555556
atttcatgagctcatgcc,0.255555555555556
tttcatgagctcatgcca,0.255555555555556
ttcatgagctcatgccat,0.255555555555556
tcatgagctcatgccatc,0.266666666666667
catgagctcatgccatcc,0.266666666666667
atgagctcatgccatcct,0.266666666666667
tgagctcatgccatcctt,0.266666666666667
gagctcatgccatccttg,0.266666666666667
agctcatgccatccttga,0.266666666666667
gctcatgccatccttgag,0.266666666666667
ctcatgccatccttgagg,0.266666666666667
tcatgccatccttgaggg,0.266666666666667
catgccatccttgaggga,0.266666666666667
atgccatccttgagggat,0.266666666666667
tgccatccttgagggatt,0.266666666666667
gccatccttgagggattc,0.266666666666667
ccatccttgagggattca,0.266666666666667
catccttgagggattcac,0.266666666666667
atccttgagggattcaca,0.277777777777778
tccttgagggattcacac,0.277777777777778
ccttgagggattcacact,0.277777777777778
cttgagggattcacactg,0.277777777777778
ttgagggattcacactgc,0.277777777777778
tgagggattcacactgcg,0.277777777777778
gagggattcacactgcgg,0.311111111111111
agggattcacactgcggt,0.366666666666667
gggattcacactgcggtc,0.366666666666667
ggattcacactgcggtca,0.366666666666667
gattcacactgcggtcaa,0.366666666666667
attcacactgcggtcaac,0.366666666666667
ttcacactgcggtcaacc,0.366666666666667
tcacactgcggtcaacct,0.366666666666667
cacactgcggtcaacctg,0.311111111111111
acactgcggtcaacctgc,0.255555555555556
cactgcggtcaacctgcc,0.222222222222222
actgcggtcaacctgccg,0.177777777777778
ctgcggtcaacctgccgg,0.177777777777778
tgcggtcaacctgccggc,0.177777777777778
gcggtcaacctgccggca,0.177777777777778
cggtcaacctgccggcaa,0.166666666666667
ggtcaacctgccggcaag,0.166666666666667
gtcaacctgccggcaaga,0.166666666666667
tcaacctgccggcaagat,0.166666666666667
caacctgccggcaagata,0.166666666666667
aacctgccggcaagatag,0.166666666666667
acctgccggcaagatagc,0.166666666666667
cctgccggcaagatagcc,0.166666666666667
ctgccggcaagatagcct,0.166666666666667
tgccggcaagatagccta,0.166666666666667
gccggcaagatagcctac,0.166666666666667
ccggcaagatagcctaca,0.188888888888889
cggcaagatagcctacaa,0.188888888888889
ggcaagatagcctacaac,0.2
gcaagatagcctacaaca,0.2
caagatagcctacaacag,0.222222222222222
aagatagcctacaacagg,0.277777777777778
agatagcctacaacaggc,0.277777777777778
gatagcctacaacaggca,0.277777777777778
atagcctacaacaggcac,0.277777777777778
tagcctacaacaggcacc,0.277777777777778
agcctacaacaggcaccg,0.277777777777778
gcctacaacaggcaccgc,0.277777777777778
cctacaacaggcaccgcg,0.277777777777778
ctacaacaggcaccgcgt,0.277777777777778
tacaacaggcaccgcgtt,0.255555555555556
acaacaggcaccgcgttg,0.255555555555556
caacaggcaccgcgttga,0.211111111111111
aacaggcaccgcgttgaa,0.211111111111111
acaggcaccgcgttgaaa,0.211111111111111
caggcaccgcgttgaaat,0.211111111111111
aggcaccgcgttgaaatg,0.211111111111111
ggcaccgcgttgaaatgg,0.211111111111111
gcaccgcgttgaaatgga,0.211111111111111
caccgcgttgaaatggat,0.211111111111111
accgcgttgaaatggatc,0.2
ccgcgttgaaatggatct,0.2
cgcgttgaaatggatctc,0.222222222222222
gcgttgaaatggatctcc,0.222222222222222
cgttgaaatggatctcct,0.222222222222222
gttgaaatggatctcctt,0.222222222222222
ttgaaatggatctcctta,0.222222222222222
tgaaatggatctccttag,0.222222222222222
gaaatggatctccttaga,0.266666666666667
aaatggatctccttagaa,0.266666666666667
aatggatctccttagaat,0.266666666666667
atggatctccttagaata,0.266666666666667
tggatctccttagaatat,0.266666666666667
ggatctccttagaatatt,0.266666666666667
gatctccttagaatattg,0.266666666666667
atctccttagaatattgg,0.266666666666667
tctccttagaatattgga,0.266666666666667
ctccttagaatattggac,0.211111111111111
tccttagaatattggact,0.166666666666667
ccttagaatattggactt,0.166666666666667
cttagaatattggacttc,0.177777777777778
ttagaatattggacttcg,0.233333333333333
tagaatattggacttcgt,0.233333333333333
agaatattggacttcgtg,0.244444444444444
gaatattggacttcgtgt,0.244444444444444
aatattggacttcgtgtc,0.244444444444444
atattggacttcgtgtcc,0.244444444444444
tattggacttcgtgtccc,0.244444444444444
attggacttcgtgtcccc,0.244444444444444
ttggacttcgtgtccccc,0.244444444444444
tggacttcgtgtccccca,0.244444444444444
ggacttcgtgtcccccaa,0.244444444444444
gacttcgtgtcccccaag,0.244444444444444
acttcgtgtcccccaaga,0.244444444444444
cttcgtgtcccccaagaa,0.188888888888889
ttcgtgtcccccaagaac,0.188888888888889
tcgtgtcccccaagaacg,0.188888888888889
cgtgtcccccaagaacgc,0.188888888888889
gtgtcccccaagaacgca,0.188888888888889
tgtcccccaagaacgcat,0.188888888888889
gtcccccaagaacgcatt,0.188888888888889
tcccccaagaacgcattg,0.188888888888889
cccccaagaacgcattga,0.244444444444444
ccccaagaacgcattgag,0.3
cccaagaacgcattgagc,0.3
ccaagaacgcattgagct,0.311111111111111
caagaacgcattgagcta,0.311111111111111
aagaacgcattgagctat,0.322222222222222
agaacgcattgagctatt,0.333333333333333
gaacgcattgagctatta,0.333333333333333
aacgcattgagctattac,0.333333333333333
acgcattgagctattaca,0.333333333333333
cgcattgagctattacat,0.333333333333333
gcattgagctattacatc,0.355555555555556
cattgagctattacatct,0.355555555555556
attgagctattacatctt,0.355555555555556
ttgagctattacatcttc,0.355555555555556
tgagctattacatcttct,0.355555555555556
gagctattacatcttctg,0.355555555555556
agctattacatcttctgg,0.355555555555556
gctattacatcttctggc,0.355555555555556
ctattacatcttctggct,0.355555555555556
tattacatcttctggctc,0.3
attacatcttctggctca,0.288888888888889
ttacatcttctggctcag,0.288888888888889
tacatcttctggctcagg,0.277777777777778
acatcttctggctcaggg,0.277777777777778
catcttctggctcagggt,0.255555555555556
atcttctggctcagggtc,0.255555555555556
tcttctggctcagggtca,0.255555555555556
cttctggctcagggtcat,0.255555555555556
ttctggctcagggtcatt,0.244444444444444
tctggctcagggtcatta,0.244444444444444
ctggctcagggtcattaa,0.222222222222222
tggctcagggtcattaat,0.222222222222222
ggctcagggtcattaata,0.222222222222222
gctcagggtcattaatac,0.222222222222222
ctcagggtcattaatact,0.222222222222222
tcagggtcattaatactc,0.2
cagggtcattaatactcc,0.177777777777778
agggtcattaatactccc,0.177777777777778
gggtcattaatactccca,0.233333333333333
ggtcattaatactcccaa,0.233333333333333
gtcattaatactcccaat,0.255555555555556
tcattaatactcccaatc,0.311111111111111
cattaatactcccaatcc,0.311111111111111
attaatactcccaatcct,0.311111111111111
ttaatactcccaatcctg,0.311111111111111
taatactcccaatcctgc,0.311111111111111
aatactcccaatcctgcg,0.311111111111111
atactcccaatcctgcgc,0.311111111111111
tactcccaatcctgcgct,0.311111111111111
actcccaatcctgcgcta,0.311111111111111
ctcccaatcctgcgctac,0.311111111111111
tcccaatcctgcgctacg,0.255555555555556
cccaatcctgcgctacgt,0.2
ccaatcctgcgctacgta,0.188888888888889
caatcctgcgctacgtat,0.188888888888889
aatcctgcgctacgtata,0.177777777777778
atcctgcgctacgtatat,0.177777777777778
tcctgcgctacgtatatt,0.177777777777778
cctgcgctacgtatattc,0.177777777777778
ctgcgctacgtatattct,0.166666666666667
tgcgctacgtatattctg,0.166666666666667
gcgctacgtatattctgc,0.166666666666667
cgctacgtatattctgcg,0.166666666666667
gctacgtatattctgcgc,0.166666666666667
ctacgtatattctgcgcg,0.166666666666667
tacgtatattctgcgcga,0.166666666666667
acgtatattctgcgcgac,0.166666666666667
cgtatattctgcgcgact,0.166666666666667
gtatattctgcgcgactc,0.166666666666667
tatattctgcgcgactcc,0.166666666666667
atattctgcgcgactcca,0.188888888888889
tattctgcgcgactccat,0.244444444444444
attctgcgcgactccata,0.244444444444444
ttctgcgcgactccatac,0.244444444444444
tctgcgcgactccatacg,0.266666666666667
ctgcgcgactccatacgt,0.266666666666667
tgcgcgactccatacgtg,0.277777777777778
gcgcgactccatacgtgc,0.277777777777778
cgcgactccatacgtgca,0.277777777777778
gcgactccatacgtgcac,0.277777777777778
cgactccatacgtgcact,0.277777777777778
gactccatacgtgcactg,0.277777777777778
actccatacgtgcactga,0.277777777777778
ctccatacgtgcactgat,0.277777777777778
tccatacgtgcactgatt,0.222222222222222
ccatacgtgcactgattt,0.2
catacgtgcactgatttg,0.2
atacgtgcactgatttgt,0.177777777777778
tacgtgcactgatttgtg,0.177777777777778
acgtgcactgatttgtgt,0.177777777777778
cgtgcactgatttgtgta,0.177777777777778
gtgcactgatttgtgtaa,0.177777777777778
tgcactgatttgtgtaac,0.177777777777778
gcactgatttgtgtaact,0.177777777777778
cactgatttgtgtaacta,0.177777777777778
actgatttgtgtaactat,0.177777777777778
ctgatttgtgtaactatc,0.211111111111111
tgatttgtgtaactatca,0.233333333333333
gatttgtgtaactatcac,0.288888888888889
atttgtgtaactatcaca,0.344444444444445
tttgtgtaactatcacag,0.344444444444445
ttgtgtaactatcacagt,0.344444444444445
tgtgtaactatcacagtg,0.344444444444445
gtgtaactatcacagtga,0.366666666666667
tgtaactatcacagtgat,0.366666666666667
gtaactatcacagtgata,0.366666666666667
taactatcacagtgatac,0.366666666666667
aactatcacagtgatacc,0.366666666666667
actatcacagtgataccc,0.366666666666667
ctatcacagtgataccct,0.366666666666667
tatcacagtgataccctc,0.311111111111111
atcacagtgataccctcc,0.3
tcacagtgataccctccc,0.3
cacagtgataccctcccc,0.244444444444444
acagtgataccctccccg,0.233333333333333
cagtgataccctccccga,0.233333333333333
agtgataccctccccgac,0.233333333333333
gtgataccctccccgaca,0.233333333333333
tgataccctccccgacaa,0.233333333333333
gataccctccccgacaac,0.233333333333333
ataccctccccgacaact,0.233333333333333
taccctccccgacaactt,0.233333333333333
accctccccgacaacttc,0.233333333333333
ccctccccgacaacttcg,0.233333333333333
cctccccgacaacttcgt,0.233333333333333
ctccccgacaacttcgtc,0.233333333333333
tccccgacaacttcgtct,0.233333333333333
ccccgacaacttcgtctg,0.233333333333333
cccgacaacttcgtctgg,0.233333333333333
ccgacaacttcgtctggt,0.233333333333333
cgacaacttcgtctggtc,0.233333333333333
gacaacttcgtctggtcc,0.233333333333333
acaacttcgtctggtccc,0.233333333333333
caacttcgtctggtcccg,0.233333333333333
aacttcgtctggtcccgt,0.233333333333333
acttcgtctggtcccgtt,0.233333333333333
cttcgtctggtcccgtta,0.177777777777778
ttcgtctggtcccgttag,0.177777777777778
tcgtctggtcccgttagc,0.177777777777778
cgtctggtcccgttagct,0.177777777777778
gtctggtcccgttagctc,0.166666666666667
tctggtcccgttagctcc,0.166666666666667
ctggtcccgttagctccc,0.177777777777778
tggtcccgttagctcccc,0.177777777777778
ggtcccgttagctccccc,0.188888888888889
gtcccgttagctcccccc,0.188888888888889
tcccgttagctccccccg,0.2
cccgttagctccccccga,0.255555555555556
ccgttagctccccccgaa,0.255555555555556
cgttagctccccccgaaa,0.255555555555556
gttagctccccccgaaaa,0.255555555555556
ttagctccccccgaaaat,0.255555555555556
tagctccccccgaaaatt,0.255555555555556
agctccccccgaaaattt,0.255555555555556
gctccccccgaaaatttg,0.255555555555556
ctccccccgaaaatttgc,0.255555555555556
tccccccgaaaatttgcg,0.2
ccccccgaaaatttgcgg,0.166666666666667
cccccgaaaatttgcggg,0.166666666666667
ccccgaaaatttgcggga,0.166666666666667
cccgaaaatttgcgggaa,0.166666666666667
ccgaaaatttgcgggaac,0.166666666666667
cgaaaatttgcgggaaca,0.166666666666667
gaaaatttgcgggaacac,0.166666666666667
aaaatttgcgggaacacc,0.177777777777778
aaatttgcgggaacaccg,0.233333333333333
aatttgcgggaacaccgt,0.233333333333333
atttgcgggaacaccgtt,0.233333333333333
tttgcgggaacaccgttc,0.233333333333333
ttgcgggaacaccgttcc,0.233333333333333
tgcgggaacaccgttccc,0.233333333333333
gcgggaacaccgttccct,0.233333333333333
cgggaacaccgttcccta,0.233333333333333
gggaacaccgttccctac,0.233333333333333
ggaacaccgttccctact,0.233333333333333
gaacaccgttccctacta,0.233333333333333
aacaccgttccctactag,0.233333333333333
acaccgttccctactaga,0.233333333333333
caccgttccctactagat,0.222222222222222
accgttccctactagatc,0.277777777777778
ccgttccctactagatct,0.277777777777778
cgttccctactagatctc,0.277777777777778
gttccctactagatctct,0.277777777777778
ttccctactagatctctc,0.277777777777778
tccctactagatctctcc,0.277777777777778
ccctactagatctctcct,0.277777777777778
cctactagatctctccta,0.277777777777778
ctactagatctctcctat,0.3
tactagatctctcctatt,0.3
actagatctctcctattt,0.3
ctagatctctcctattta,0.3
tagatctctcctatttag,0.322222222222222
agatctctcctatttagt,0.322222222222222
gatctctcctatttagtg,0.322222222222222
atctctcctatttagtgt,0.344444444444445
tctctcctatttagtgtg,0.344444444444445
ctctcctatttagtgtgt,0.355555555555556
tctcctatttagtgtgtg,0.3
ctcctatttagtgtgtgg,0.244444444444444
tcctatttagtgtgtggt,0.188888888888889
cctatttagtgtgtggta,0.177777777777778
ctatttagtgtgtggtag,0.177777777777778
tatttagtgtgtggtagg,0.177777777777778
atttagtgtgtggtaggt,0.222222222222222
tttagtgtgtggtaggtc,0.222222222222222
ttagtgtgtggtaggtct,0.233333333333333
tagtgtgtggtaggtctg,0.233333333333333
agtgtgtggtaggtctgg,0.233333333333333
gtgtgtggtaggtctgga,0.233333333333333
tgtgtggtaggtctggag,0.233333333333333
gtgtggtaggtctggagg,0.233333333333333
tgtggtaggtctggaggc,0.233333333333333
gtggtaggtctggaggcg,0.233333333333333
tggtaggtctggaggcgc,0.233333333333333
ggtaggtctggaggcgca,0.233333333333333
gtaggtctggaggcgcaa,0.233333333333333
taggtctggaggcgcaat,0.233333333333333
aggtctggaggcgcaatc,0.233333333333333
ggtctggaggcgcaatcg,0.255555555555556
gtctggaggcgcaatcgg,0.255555555555556
tctggaggcgcaatcggt,0.255555555555556
ctggaggcgcaatcggtc,0.255555555555556
tggaggcgcaatcggtca,0.255555555555556
ggaggcgcaatcggtcaa,0.255555555555556
gaggcgcaatcggtcaaa,0.255555555555556
aggcgcaatcggtcaaac,0.255555555555556
ggcgcaatcggtcaaact,0.255555555555556
gcgcaatcggtcaaacta,0.255555555555556
cgcaatcggtcaaactat,0.255555555555556
gcaatcggtcaaactata,0.244444444444444
caatcggtcaaactataa,0.244444444444444
aatcggtcaaactataag,0.222222222222222
atcggtcaaactataagc,0.222222222222222
tcggtcaaactataagcg,0.177777777777778
cggtcaaactataagcgc,0.177777777777778
ggtcaaactataagcgcc,0.177777777777778
gtcaaactataagcgccg,0.177777777777778
tcaaactataagcgccgg,0.177777777777778
caaactataagcgccggg,0.144444444444444
aaactataagcgccggga,0.144444444444444
aactataagcgccgggag,0.166666666666667
actataagcgccgggagc,0.166666666666667
ctataagcgccgggagcg,0.166666666666667
tataagcgccgggagcgc,0.166666666666667
ataagcgccgggagcgct,0.166666666666667
taagcgccgggagcgctg,0.166666666666667
aagcgccgggagcgctga,0.166666666666667
agcgccgggagcgctgat,0.166666666666667
gcgccgggagcgctgatg,0.166666666666667
cgccgggagcgctgatgc,0.166666666666667
gccgggagcgctgatgcg,0.166666666666667
ccgggagcgctgatgcgc,0.166666666666667
cgggagcgctgatgcgcc,0.166666666666667
gggagcgctgatgcgcca,0.166666666666667
ggagcgctgatgcgccac,0.166666666666667
gagcgctgatgcgccaca,0.222222222222222
agcgctgatgcgccacac,0.222222222222222
gcgctgatgcgccacacc,0.233333333333333
cgctgatgcgccacaccc,0.233333333333333
gctgatgcgccacacccg,0.233333333333333
ctgatgcgccacacccgg,0.233333333333333
tgatgcgccacacccggg,0.255555555555556
gatgcgccacacccgggc,0.255555555555556
atgcgccacacccgggcg,0.255555555555556
tgcgccacacccgggcgc,0.255555555555556
gcgccacacccgggcgca,0.255555555555556
cgccacacccgggcgcaa,0.255555555555556
gccacacccgggcgcaag,0.255555555555556
ccacacccgggcgcaagt,0.255555555555556
cacacccgggcgcaagtg,0.255555555555556
acacccgggcgcaagtga,0.2
cacccgggcgcaagtgac,0.166666666666667
acccgggcgcaagtgacc,0.144444444444444
cccgggcgcaagtgacca,0.144444444444444
ccgggcgcaagtgaccac,0.166666666666667
cgggcgcaagtgaccact,0.177777777777778
gggcgcaagtgaccacta,0.177777777777778
ggcgcaagtgaccactat,0.188888888888889
gcgcaagtgaccactata,0.188888888888889
cgcaagtgaccactataa,0.188888888888889
gcaagtgaccactataaa,0.188888888888889
caagtgaccactataaaa,0.188888888888889
aagtgaccactataaaaa,0.188888888888889
agtgaccactataaaaaa,0.188888888888889
gtgaccactataaaaaac,0.188888888888889
tgaccactataaaaaact,0.188888888888889
gaccactataaaaaactc,0.188888888888889
accactataaaaaactcc,0.188888888888889
ccactataaaaaactcct,0.188888888888889
cactataaaaaactcctc,0.222222222222222
actataaaaaactcctct,0.277777777777778
ctataaaaaactcctcta,0.277777777777778
tataaaaaactcctctat,0.277777777777778
ataaaaaactcctctatg,0.277777777777778
taaaaaactcctctatgg,0.277777777777778
aaaaaactcctctatggt,0.277777777777778
aaaaactcctctatggta,0.277777777777778
aaaactcctctatggtac,0.277777777777778
aaactcctctatggtacc,0.277777777777778
aactcctctatggtacct,0.277777777777778
actcctctatggtaccta,0.277777777777778
ctcctctatggtacctag,0.277777777777778
tcctctatggtacctaga,0.277777777777778
cctctatggtacctagaa,0.277777777777778
ctctatggtacctagaaa,0.222222222222222
tctatggtacctagaaaa,0.2
ctatggtacctagaaaac,0.188888888888889
tatggtacctagaaaacc,0.188888888888889
atggtacctagaaaacca,0.188888888888889
tggtacctagaaaaccag,0.188888888888889
ggtacctagaaaaccagc,0.188888888888889
gtacctagaaaaccagcc,0.188888888888889
tacctagaaaaccagcca,0.188888888888889
acctagaaaaccagccag,0.188888888888889
cctagaaaaccagccagg,0.244444444444444
ctagaaaaccagccaggg,0.244444444444444
tagaaaaccagccagggg,0.244444444444444
agaaaaccagccaggggg,0.244444444444444
gaaaaccagccagggggc,0.244444444444444
aaaaccagccagggggca,0.244444444444444
aaaccagccagggggcat,0.244444444444444
aaccagccagggggcata,0.244444444444444
accagccagggggcataa,0.244444444444444
ccagccagggggcataag,0.244444444444444
cagccagggggcataagt,0.244444444444444
agccagggggcataagtt,0.188888888888889
gccagggggcataagttt,0.233333333333333
ccagggggcataagtttt,0.266666666666667
cagggggcataagttttc,0.266666666666667
agggggcataagttttca,0.266666666666667
gggggcataagttttcag,0.266666666666667
ggggcataagttttcagc,0.266666666666667
gggcataagttttcagcg,0.266666666666667
ggcataagttttcagcgt,0.266666666666667
gcataagttttcagcgtt,0.266666666666667
cataagttttcagcgtta,0.266666666666667
ataagttttcagcgttaa,0.233333333333333
taagttttcagcgttaac,0.233333333333333
aagttttcagcgttaact,0.233333333333333
agttttcagcgttaactg,0.233333333333333
gttttcagcgttaactga,0.222222222222222
ttttcagcgttaactgag,0.211111111111111
tttcagcgttaactgagc,0.211111111111111
ttcagcgttaactgagcc,0.211111111111111
tcagcgttaactgagccg,0.211111111111111
cagcgttaactgagccgt,0.188888888888889
agcgttaactgagccgtt,0.188888888888889
gcgttaactgagccgttt,0.222222222222222
cgttaactgagccgtttg,0.222222222222222
gttaactgagccgtttgg,0.222222222222222
ttaactgagccgtttgga,0.222222222222222
taactgagccgtttggaa,0.222222222222222
aactgagccgtttggaat,0.222222222222222
actgagccgtttggaata,0.222222222222222
ctgagccgtttggaatac,0.222222222222222
tgagccgtttggaatact,0.222222222222222
gagccgtttggaatacta,0.222222222222222
agccgtttggaatactaa,0.222222222222222
gccgtttggaatactaag,0.222222222222222
ccgtttggaatactaagc,0.222222222222222
cgtttggaatactaagct,0.222222222222222
gtttggaatactaagctg,0.222222222222222
tttggaatactaagctga,0.166666666666667
ttggaatactaagctgac,0.177777777777778
tggaatactaagctgacc,0.177777777777778
ggaatactaagctgaccc,0.177777777777778
gaatactaagctgaccca,0.177777777777778
aatactaagctgacccac,0.177777777777778
atactaagctgacccact,0.177777777777778
tactaagctgacccacta,0.177777777777778
actaagctgacccactaa,0.188888888888889
ctaagctgacccactaag,0.188888888888889
taagctgacccactaaga,0.2
aagctgacccactaagaa,0.2
agctgacccactaagaaa,0.2
gctgacccactaagaaat,0.2
ctgacccactaagaaata,0.2
tgacccactaagaaatag,0.2
gacccactaagaaataga,0.2
acccactaagaaatagaa,0.2
cccactaagaaatagaat,0.2
ccactaagaaatagaatt,0.2
cactaagaaatagaatta,0.188888888888889
actaagaaatagaattag,0.188888888888889
ctaagaaatagaattagt,0.188888888888889
taagaaatagaattagtt,0.188888888888889
aagaaatagaattagtta,0.188888888888889
agaaatagaattagttat,0.188888888888889
gaaatagaattagttata,0.188888888888889
aaatagaattagttatac,0.188888888888889
aatagaattagttatacg,0.177777777777778
atagaattagttatacgc,0.177777777777778
tagaattagttatacgca,0.166666666666667
agaattagttatacgcaa,0.166666666666667
gaattagttatacgcaag,0.166666666666667
aattagttatacgcaagg,0.177777777777778
attagttatacgcaaggc,0.177777777777778
ttagttatacgcaaggca,0.177777777777778
tagttatacgcaaggcag,0.177777777777778
agttatacgcaaggcagt,0.177777777777778
gttatacgcaaggcagtt,0.177777777777778
ttatacgcaaggcagttc,0.177777777777778
tatacgcaaggcagttca,0.177777777777778
atacgcaaggcagttcaa,0.177777777777778
tacgcaaggcagttcaac,0.177777777777778
acgcaaggcagttcaacc,0.177777777777778
cgcaaggcagttcaaccc,0.177777777777778
gcaaggcagttcaacccc,0.177777777777778
caaggcagttcaaccccc,0.177777777777778
aaggcagttcaacccccg,0.166666666666667
aggcagttcaacccccgt,0.166666666666667
ggcagttcaacccccgtc,0.166666666666667
gcagttcaacccccgtcc,0.166666666666667
cagttcaacccccgtcct,0.166666666666667
agttcaacccccgtccta,0.166666666666667
gttcaacccccgtcctag,0.166666666666667
ttcaacccccgtcctagt,0.166666666666667
tcaacccccgtcctagtc,0.166666666666667
caacccccgtcctagtcc,0.166666666666667
aacccccgtcctagtcca,0.166666666666667
acccccgtcctagtccaa,0.166666666666667
cccccgtcctagtccaac,0.177777777777778
ccccgtcctagtccaact,0.177777777777778
cccgtcctagtccaactg,0.177777777777778
ccgtcctagtccaactgg,0.177777777777778
cgtcctagtccaactggc,0.177777777777778
gtcctagtccaactggca,0.177777777777778
tcctagtccaactggcaa,0.177777777777778
cctagtccaactggcaaa,0.177777777777778
ctagtccaactggcaaag,0.144444444444444
tagtccaactggcaaagg,0.166666666666667
agtccaactggcaaaggc,0.166666666666667
gtccaactggcaaaggca,0.166666666666667
tccaactggcaaaggcac,0.166666666666667
ccaactggcaaaggcaca,0.222222222222222
caactggcaaaggcacaa,0.222222222222222
aactggcaaaggcacaac,0.233333333333333
actggcaaaggcacaact,0.233333333333333
ctggcaaaggcacaactc,0.233333333333333
tggcaaaggcacaactcc,0.233333333333333
ggcaaaggcacaactccc,0.233333333333333
gcaaaggcacaactcccc,0.233333333333333
caaaggcacaactcccca,0.233333333333333
aaaggcacaactccccac,0.233333333333333
aaggcacaactccccacg,0.233333333333333
aggcacaactccccacgg,0.233333333333333
ggcacaactccccacgga,0.233333333333333
gcacaactccccacggat,0.233333333333333
cacaactccccacggatt,0.255555555555556
acaactccccacggattc,0.255555555555556
caactccccacggattcc,0.255555555555556
aactccccacggattccg,0.255555555555556
actccccacggattccgt,0.255555555555556
ctccccacggattccgta,0.255555555555556
tccccacggattccgtaa,0.2
ccccacggattccgtaag,0.177777777777778
cccacggattccgtaaga,0.177777777777778
ccacggattccgtaagat,0.177777777777778
cacggattccgtaagatc,0.188888888888889
acggattccgtaagatca,0.188888888888889
cggattccgtaagatcac,0.222222222222222
ggattccgtaagatcact,0.222222222222222
gattccgtaagatcacta,0.222222222222222
attccgtaagatcactag,0.222222222222222
ttccgtaagatcactaga,0.255555555555556
tccgtaagatcactagat,0.255555555555556
ccgtaagatcactagata,0.255555555555556
cgtaagatcactagatac,0.255555555555556
gtaagatcactagataca,0.255555555555556
taagatcactagatacat,0.255555555555556
aagatcactagatacata,0.255555555555556
agatcactagatacataa,0.255555555555556
gatcactagatacataag,0.255555555555556
atcactagatacataagt,0.255555555555556
tcactagatacataagtc,0.255555555555556
cactagatacataagtcg,0.222222222222222
actagatacataagtcgt,0.222222222222222
ctagatacataagtcgtc,0.222222222222222
tagatacataagtcgtcg,0.222222222222222
agatacataagtcgtcgt,0.222222222222222
gatacataagtcgtcgtc,0.222222222222222
atacataagtcgtcgtca,0.222222222222222
tacataagtcgtcgtcag,0.222222222222222
acataagtcgtcgtcaga,0.222222222222222
cataagtcgtcgtcagat,0.266666666666667
ataagtcgtcgtcagatg,0.266666666666667
taagtcgtcgtcagatgt,0.266666666666667
aagtcgtcgtcagatgtg,0.266666666666667
agtcgtcgtcagatgtgt,0.266666666666667
gtcgtcgtcagatgtgtt,0.266666666666667
tcgtcgtcagatgtgtta,0.266666666666667
cgtcgtcagatgtgttac,0.266666666666667
gtcgtcagatgtgttact,0.255555555555556
tcgtcagatgtgttactt,0.255555555555556
cgtcagatgtgttacttc,0.233333333333333
gtcagatgtgttacttca,0.233333333333333
tcagatgtgttacttcat,0.233333333333333
cagatgtgttacttcatg,0.2
agatgtgttacttcatgc,0.2
gatgtgttacttcatgca,0.2
atgtgttacttcatgcaa,0.2
tgtgttacttcatgcaaa,0.2
gtgttacttcatgcaaaa,0.2
tgttacttcatgcaaaat,0.2
gttacttcatgcaaaatc,0.188888888888889
ttacttcatgcaaaatcc,0.188888888888889
tacttcatgcaaaatccc,0.188888888888889
acttcatgcaaaatccca,0.188888888888889
cttcatgcaaaatcccac,0.233333333333333
ttcatgcaaaatcccaca,0.288888888888889
tcatgcaaaatcccacaa,0.288888888888889
catgcaaaatcccacaaa,0.288888888888889
atgcaaaatcccacaaaa,0.288888888888889
tgcaaaatcccacaaaaa,0.288888888888889
gcaaaatcccacaaaaaa,0.288888888888889
caaaatcccacaaaaaat,0.288888888888889
aaaatcccacaaaaaatt,0.288888888888889
aaatcccacaaaaaatta,0.288888888888889
aatcccacaaaaaattat,0.288888888888889
atcccacaaaaaattatg,0.288888888888889
tcccacaaaaaattatgc,0.288888888888889
cccacaaaaaattatgcc,0.233333333333333
ccacaaaaaattatgcca,0.222222222222222
cacaaaaaattatgccaa,0.222222222222222
acaaaaaattatgccaaa,0.166666666666667
caaaaaattatgccaaag,0.122222222222222
aaaaaattatgccaaagc,0.133333333333333
aaaaattatgccaaagcc,0.133333333333333
aaaattatgccaaagcct,0.166666666666667
aaattatgccaaagccta,0.166666666666667
aattatgccaaagcctac,0.166666666666667
attatgccaaagcctacg,0.166666666666667
ttatgccaaagcctacga,0.166666666666667
tatgccaaagcctacgat,0.166666666666667
atgccaaagcctacgatt,0.166666666666667
tgccaaagcctacgatta,0.166666666666667
gccaaagcctacgattac,0.166666666666667
ccaaagcctacgattact,0.166666666666667
caaagcctacgattactg,0.166666666666667
aaagcctacgattactgt,0.166666666666667
aagcctacgattactgtc,0.177777777777778
agcctacgattactgtca,0.233333333333333
gcctacgattactgtcat,0.233333333333333
cctacgattactgtcata,0.244444444444444
ctacgattactgtcatag,0.244444444444444
tacgattactgtcatagg,0.244444444444444
acgattactgtcataggt,0.244444444444444
cgattactgtcataggtc,0.244444444444444
gattactgtcataggtct,0.244444444444444
attactgtcataggtctc,0.244444444444444
ttactgtcataggtctcg,0.244444444444444
tactgtcataggtctcgc,0.244444444444444
actgtcataggtctcgct,0.244444444444444
ctgtcataggtctcgctt,0.244444444444444
tgtcataggtctcgcttt,0.244444444444444
gtcataggtctcgctttt,0.244444444444444
tcataggtctcgcttttt,0.244444444444444
cataggtctcgctttttc,0.244444444444444
ataggtctcgctttttcc,0.244444444444444
taggtctcgctttttcct,0.244444444444444
aggtctcgctttttcctt,0.244444444444444
ggtctcgctttttcctta,0.244444444444444
gtctcgctttttccttaa,0.244444444444444
tctcgctttttccttaat,0.244444444444444
ctcgctttttccttaatt,0.2
tcgctttttccttaattc,0.2
cgctttttccttaattcg,0.2
gctttttccttaattcgg,0.2
ctttttccttaattcggt,0.2
tttttccttaattcggta,0.2
ttttccttaattcggtag,0.2
tttccttaattcggtagg,0.2
ttccttaattcggtaggc,0.2
tccttaattcggtaggcc,0.2
ccttaattcggtaggcca,0.2
cttaattcggtaggccac,0.2
ttaattcggtaggccact,0.177777777777778
taattcggtaggccacta,0.177777777777778
aattcggtaggccactaa,0.188888888888889
attcggtaggccactaag,0.188888888888889
ttcggtaggccactaaga,0.2
tcggtaggccactaagaa,0.2
cggtaggccactaagaac,0.211111111111111
ggtaggccactaagaacg,0.266666666666667
gtaggccactaagaacgc,0.266666666666667
taggccactaagaacgcc,0.266666666666667
aggccactaagaacgcca,0.266666666666667
ggccactaagaacgccag,0.266666666666667
gccactaagaacgccagc,0.266666666666667
ccactaagaacgccagcc,0.266666666666667
cactaagaacgccagcca,0.211111111111111
actaagaacgccagccag,0.2
ctaagaacgccagccagc,0.2
taagaacgccagccagca,0.188888888888889
aagaacgccagccagcac,0.188888888888889
agaacgccagccagcact,0.188888888888889
gaacgccagccagcactc,0.188888888888889
aacgccagccagcactct,0.222222222222222
acgccagccagcactctt,0.222222222222222
cgccagccagcactctta,0.233333333333333
gccagccagcactcttat,0.233333333333333
ccagccagcactcttata,0.244444444444444
cagccagcactcttatag,0.244444444444444
agccagcactcttatagc,0.255555555555556
gccagcactcttatagcg,0.311111111111111
ccagcactcttatagcga,0.366666666666667
cagcactcttatagcgag,0.422222222222222
agcactcttatagcgagg,0.477777777777778
gcactcttatagcgaggc,0.477777777777778
cactcttatagcgaggct,0.488888888888889
actcttatagcgaggctt,0.544444444444445
ctcttatagcgaggcttg,0.544444444444445
tcttatagcgaggcttga,0.488888888888889
cttatagcgaggcttgaa,0.433333333333333
ttatagcgaggcttgaag,0.377777777777778
tatagcgaggcttgaagc,0.366666666666667
atagcgaggcttgaagcc,0.366666666666667
tagcgaggcttgaagccc,0.355555555555556
agcgaggcttgaagccct,0.355555555555556
gcgaggcttgaagccctt,0.344444444444445
cgaggcttgaagcccttg,0.344444444444445
gaggcttgaagcccttgt,0.288888888888889
aggcttgaagcccttgtg,0.233333333333333
ggcttgaagcccttgtgg,0.177777777777778
gcttgaagcccttgtggg,0.166666666666667
cttgaagcccttgtgggc,0.166666666666667
ttgaagcccttgtgggcc,0.166666666666667
tgaagcccttgtgggccg,0.166666666666667
gaagcccttgtgggccgt,0.166666666666667
aagcccttgtgggccgta,0.166666666666667
agcccttgtgggccgtag,0.166666666666667
